"Volumen [%]","Fassade [%]"
7.37272702393508,4.44074685126288
