"Volumen [%]","Fassade [%]"
8.17402361267783,9.03498355556099
