"Source";"Konz_Cu";"Konz_Zn";"Konz_Benzothiazol";"Konz_Diuron";"Konz_Mecoprop";"Konz_Terbutryn"
"Dach";0.0724562595969397;0.051459394375091;0.000128855129435972;0;0.00115034169380137;0
"Strasse";0.188277777777778;0.573888888888889;0.00114214285714286;0;0;0
"Hof";0;0;0.000128855129435972;0;0;0
"Putzfassade";0;0;0;0;0;0.085360374627332
