"Volumen [%]","Fassade [%]"
0.663842901155492,2.22037342563144
