"Volumen [%]","Fassade [%]"
3.31921450577746,11.1018671281572
