"Volumen [%]","Fassade [%]"
1.32768580231098,4.44074685126288
