"Source";"Konz_Cu";"Konz_Zn";"Konz_Benzothiazol";"Konz_Diuron";"Konz_Mecoprop";"Konz_Terbutryn"
"Bitumendach";0.812776529863138;2.49503436810517;0.000527947670996516;0;0.000731616012784189;0
"Ziegeldach";0.812776529863138;2.49503436810517;0.000527947670996516;0;0;0
"Dach_weitere";0.812776529863138;2.49503436810517;0.000527947670996516;0;0;0
"Strasse";0.188277777777779;0.573888888888888;0.00114214285714286;0;0;0
"Hof";0;0;0.000527947670996516;0;0;0
"Putzfassade";0;0;0;0.515028246920091;0;0.737843462967135
