"Source";"Konz_Zn";"Konz_Benzothiazol";"Konz_Diuron";"Konz_Mecoprop";"Konz_Terbutryn"
"Dach";0.536100702144637;0.00134225239432899;0;0.00075821050413982;0
"Strasse";0.573888888888889;0.00181661006682588;0;0;0
"Hof";0;0.00134225239432899;0;0;0
"Putzfassade";0;0;0.0963105854431846;0;0.108576378997081
