"Source";"Konz_Cu";"Konz_Zn";"Konz_Benzothiazol";"Konz_Diuron";"Konz_Mecoprop";"Konz_Terbutryn"
"Bitumendach";0.81289055622869;2.49538193150327;0.000528799226286905;0;0.000731616012784189;0
"Ziegeldach";0.81289055622869;2.49538193150327;0.000528799226286905;0;0;0
"Dach_weitere";0.81289055622869;2.49538193150327;0.000528799226286905;0;0;0
"Strasse";0.188277777777778;0.573888888888889;0.00114214285714286;0;0;0
"Hof";0;0;0.000528799226286905;0;0;0
"Putzfassade";0;0;0;0.026566443139856;0;0.0380598084129396
