"Source";"Konz_Zn";"Konz_Benzothiazol";"Konz_Diuron";"Konz_Mecoprop";"Konz_Terbutryn"
"Dach";0.268781282230598;0.000893792224799954;0;0.00130316841799648;0
"Strasse";0.573888888888889;0.00181661006682588;0;0;0
"Hof";0;0.000893792224799954;0;0;0
"Putzfassade";0;0;0;0;0.0108770112872662
