"Source";"Konz_Cu";"Konz_Zn";"Konz_Benzothiazol";"Konz_Diuron";"Konz_Mecoprop";"Konz_Terbutryn"
"Bitumendach";0.0663335819175506;0.047081689151964;0.000128792677311304;0;0.00127986392278746;0
"Ziegeldach";0.0663335819175506;0.047081689151964;0.000128792677311304;0;0;0
"Dach_weitere";0.0663335819175506;0.047081689151964;0.000128792677311304;0;0;0
"Strasse";0.188277777777778;0.573888888888889;0.00114214285714286;0;0;0
"Hof";0;0;0.000128792677311304;0;0;0
"Putzfassade";0;0;0;0;0;0.21340093656833
