"Source";"Konz_Zn";"Konz_Benzothiazol";"Konz_Diuron";"Konz_Mecoprop";"Konz_Terbutryn"
"Dach";2.00429571887296;0.00140108360305505;0;0.00203903482886643;0
"Strasse";0.57388888888889;0.00181661006682588;0;0;0
"Hof";0;0.00140108360305505;0;0;0
"Putzfassade";0;0;0.0662172231469536;0;0.0313360598248512
