"Source";"Konz_Cu";"Konz_Zn";"Konz_Benzothiazol";"Konz_Diuron";"Konz_Mecoprop";"Konz_Terbutryn"
"Bitumendach";0.0375502964056327;1.26319758668292;0.000126205902363666;0;0.00421822214768541;0
"Ziegeldach";0.0375502964056327;1.26319758668292;0.000126205902363666;0;0;0
"Dach_weitere";0.0375502964056327;1.26319758668292;0.000126205902363666;0;0;0
"Strasse";0.188277777777778;0.573888888888889;0.00114214285714286;0;0;0
"Hof";0;0;0.000126205902363666;0;0;0
"Putzfassade";0;0;0;1.28808738151251;0;0.61028398255743
