"Source";"Konz_Cu";"Konz_Zn";"Konz_Benzothiazol";"Konz_Diuron";"Konz_Mecoprop";"Konz_Terbutryn"
"Bitumendach";0.0664871951608442;0.0475499171847827;0.000129558615047207;0;0.00127986392278746;0
"Ziegeldach";0.0664871951608442;0.0475499171847827;0.000129558615047207;0;0;0
"Dach_weitere";0.0664871951608442;0.0475499171847827;0.000129558615047207;0;0;0
"Strasse";0.188277777777778;0.573888888888889;0.00114214285714286;0;0;0
"Hof";0;0;0.000129558615047207;0;0;0
"Putzfassade";0;0;0;0;0;0.0110077532275898
