"Source";"Konz_Cu";"Konz_Zn";"Konz_Benzothiazol";"Konz_Diuron";"Konz_Mecoprop";"Konz_Terbutryn"
"Bitumendach";0.037580833873831;1.26329066784152;0.000126383583126298;0;0.00421822214768541;0
"Ziegeldach";0.037580833873831;1.26329066784152;0.000126383583126298;0;0;0
"Dach_weitere";0.037580833873831;1.26329066784152;0.000126383583126298;0;0;0
"Strasse";0.188277777777778;0.573888888888889;0.00114214285714286;0;0;0
"Hof";0;0;0.000126383583126298;0;0;0
"Putzfassade";0;0;0;0.515234952605005;0;0.244113593022972
