Source;Konz_Cu;Konz_Zn;Konz_Benzothiazol;Konz_Diuron;Konz_Mecoprop;Konz_Terbutryn
Bitumendach;0.246353629;0.995840743;0.000196344;0;0.003099514;0
Ziegeldach;0.246353629;0.995840743;0.000196344;0;0;0
Dach_weitere;0.246353629;0.995840743;0.000196344;0;0;0
Strasse;0.188277778;0.573888889;0.001142143;0;0;0
Hof;0;0;0.000196344;0;0;0
Putzfassade;0;0;0;0.366496553;0;0.367455808
