"Source";"Konz_Zn";"Konz_Benzothiazol";"Konz_Diuron";"Konz_Mecoprop";"Konz_Terbutryn"
"Dach";3.68707326959826;0.00124807714988277;0;0.000506538182624993;0
"Strasse";0.573888888888881;0.00181661006682589;0;0;0
"Hof";0;0.00124807714988277;0;0;0
"Putzfassade";0;0;0.0265131047964963;0;0.0379425380375701
