"Source";"Konz_Cu";"Konz_Zn";"Konz_Benzothiazol";"Konz_Diuron";"Konz_Mecoprop";"Konz_Terbutryn"
"Bitumendach";0.0688316667208138;0.178285733521962;2.83618006798563e-06;0;0.00616835242433661;0
"Ziegeldach";0.0688316667208138;0.178285733521962;2.83618006798563e-06;0;0;0
"Dach_weitere";0.0688316667208138;0.178285733521962;2.83618006798563e-06;0;0;0
"Strasse";0.188277777777778;0.573888888888889;0.00114214285714286;0;0;0
"Hof";0;0;2.83618006798563e-06;0;0;0
"Putzfassade";0;0;0;0.096038867663638;0;0.108995348479619
