;Cu;Zn;Benzothiazol;Diuron;Mecoprop;Terbutryn
ALT;-0.410955176;-0.728805336;-0.815713685;-0.149157614;0.329892873;-0.436685274
NEU;-0.705287425;-0.592496401;-0.594707816;;0.126646495;-0.373783279
GEW;0.449094609;0.096194583;-0.574397377;0.390239559;0.270602753;-0.730306198
EFH;-0.784337561;-0.859656651;-0.822974374;-0.199797187;0.152323375;-0.255593122
STR;-0.364092984;-0.421304739;-0.353220951;0.258589306;;-0.145230202
