"source","Diuron","Mecoprop","Terbutryn","Benzothiazol","Zn","Cu"
"Bitumendach",1.34399065896198,0,0.897469434417117,0.728937732728135,0.675214046511209,0.714970656129325
"Ziegeldach",1.34399065896198,0,0.897469434417117,0.728937732728135,0.675214046511209,0.714970656129325
"Dach_weitere",1.34399065896198,0,0.897469434417117,0.728937732728135,0.675214046511209,0.714970656129325
"Strasse",1.34399065896198,0,0.897469434417117,0.728937732728135,0.675214046511209,0.714970656129325
"Hof",1.34399065896198,0,0.897469434417117,0.728937732728135,0.675214046511209,0.714970656129325
"Putzfassade",1.34399065896198,0,0.897469434417117,0.728937732728135,0.675214046511209,0.714970656129325
