"sources","Diuron","Mecoprop","Terbutryn","Benzothiazol","Zn","Cu"
"Bitumendach",0.917338816365352,1.02704381616682,0.712015348306418,0.557100330673147,0.655474236508768,0.789218083040138
"Ziegeldach",0.917338816365352,1.02704381616682,0.712015348306418,0.557100330673147,0.655474236508768,0.789218083040138
"Dach_weitere",0.917338816365352,1.02704381616682,0.712015348306418,0.557100330673147,0.655474236508768,0.789218083040138
"Strasse",0.917338816365352,1.02704381616682,0.712015348306418,0.557100330673147,0.655474236508768,0.789218083040138
"Hof",0.917338816365352,1.02704381616682,0.712015348306418,0.557100330673147,0.655474236508768,0.789218083040138
"Putzfassade",0.917338816365352,1.02704381616682,0.712015348306418,0.557100330673147,0.655474236508768,0.789218083040138
