"source","Diuron","Mecoprop","Terbutryn","Benzothiazol","Zn","Cu"
"Bitumendach",0,1.16304501319653,0.705119351695731,0.567719051969183,0.562397926862529,0.502411060532072
"Ziegeldach",0,1.16304501319653,0.705119351695731,0.567719051969183,0.562397926862529,0.502411060532072
"Dach_weitere",0,1.16304501319653,0.705119351695731,0.567719051969183,0.562397926862529,0.502411060532072
"Strasse",0,1.16304501319653,0.705119351695731,0.567719051969183,0.562397926862529,0.502411060532072
"Hof",0,1.16304501319653,0.705119351695731,0.567719051969183,0.562397926862529,0.502411060532072
"Putzfassade",0,1.16304501319653,0.705119351695731,0.567719051969183,0.562397926862529,0.502411060532072
