"OgRe_Type";"Fl_BitDach";"Fl_ZiegDach";"Fl_RestDach";"Fl_Hof";"Fl_Str";"Fl_PutzFass";"Runoff_BitDach";"Runoff_ZiegDach";"Runoff_RestDach";"Runoff_Hof";"Runoff_Str";"Runoff_PutzFass";"Load_Cu";"Load_Zn";"Load_Benzothiazol";"Load_Diuron";"Load_Mecoprop";"Load_Terbutryn"
"ALT";27945.6057136621;37585.6744018473;8834.9640504906;31347.713201;41654.3074534277;12310;15060.8861907839;20256.2639139125;4761.47804515306;10959.9183591165;14869.4758038251;185.106573063129;4.47404369912016;64.3566464780089;0.0235357659810331;0.0122989923189336;0.063530163693734;0.00582714971171319
"NEU";25004.48446062;0;2815.36918938;23234.149144;16242.4270524816;1820;13091.1496891226;0;1473.99237710193;6969.35810260109;5358.72507073107;27.3675030848818;2.06650867304397;3.83166643207387;0.00891040958053476;0;0.0167548901949184;0.000301254720413682
"EFH";1447.61687623939;10592.069960653;1417.03342110758;4522.21347;13886.5688690568;870;822.320177095884;6016.8356619903;804.947215607943;1466.98672906884;4224.93007881017;13.0822679581578;1.36374771404649;3.89660118691141;0.0048513144026834;0.00125640620117377;0.00507236065797031;0.00142590635500317
"GEW";78203.6792516412;1283.9855699964;44929.5415733624;101974.822564;27093.9094634743;7420;41748.7121234708;685.450409052785;23985.450747785;37348.6191335664;9041.8257490574;111.575204884518;72.7195048839188;223.194812027679;0.0651996177084331;0.00296415633638233;0.0305440263026486;0.00424653092153925
