"OgRe_Type";"Fl_Dach";"Fl_Hof";"Fl_Str";"Fl_PutzFass";"Runoff_Dach";"Runoff_Hof";"Runoff_Str";"Runoff_PutzFass";"Load_Zn";"Load_Benzothiazol";"Load_Diuron";"Load_Mecoprop";"Load_Terbutryn"
"ALT";74105.9735966;31237.9945303;41508.5179139762;12310;31047.44996189;8531.85219680844;3316.2453775242;185.106573063129;64.1314274155289;0.0614782360117891;0.0122572432544891;0.0633068318197814;0.0058005106474794
"NEU";27722.3956465;23152.7558376;16185.5248067759;1820;12805.31633679;6167.44914836756;655.890548031987;27.3675030848818;3.81823764221365;0.0181492076458776;0;0.0166874838325592;0.000297676639958551
"EFH";13410.40032;4506.64639;13838.8081967842;870;6667.068028;1286.38989502092;538.392592738042;13.0822679581578;3.8831973778893;0.0116535973442421;0.00125996088597479;0.00505504101064436;0.00142042528396631
"GEW";123980.5890984;101617.005491;26998.8446465249;7420;60110.17393483;33977.7491201677;1360.86091826512;111.575204884518;222.411598506329;0.119901140488541;0.00295820509979377;0.030448098262221;0.0042334464553805
