"Volumen [%]","Fassade [%]"
20.4350590316946,1.65118188869757
