"Volumen [%]","Fassade [%]"
8.17402361267783,0.660472755479028
