"Volumen [%]","Fassade [%]"
4.08701180633892,0.330236377739514
