"ALT","NEU","EFH","GEW","AND"
0.00795478871207106,0.0149034380435245,7.1799227695272e-06,0.0971456057034545,0.00688132081439888
0.0106988591169174,0,5.25347870249214e-05,0.00159498321697157,0.00262305406015611
0.00251489529411193,0.00167804620605772,7.02823426031192e-06,0.0558120483830207,0.00301880220131495
0.0843468765989556,0.0670230950612683,0.0270424374049296,0.0643876731853851,0.017059242670713
0.00466851873774647,0.00640427728212375,2.03911991390722e-05,0.0893737577512065,0.00767862799066594
0,0,0,0,0
0.110183938459802,0.0900088565929743,0.0271295715481235,0.308314068240038,0.0372610477372488
