"ALT","NEU","EFH","GEW","AND"
233.099987348126,6.62195708512792,6.04710183367378,960.604438387154,78.4055856426049
42.3815068228092,33.6768814111618,13.5879275154642,32.3526693630406,8.57170233804073
0,0,0,0,0
0,0,0,0,0
275.481494170935,40.2988384962898,19.635029349138,992.957107750194,86.9772879806456
