"ALT","NEU","EFH","GEW","AND"
0.265501777172148,0.148029595413841,0.0208846396210811,0.134604124290521,0.108629498241457
0,0,0,0,0
0,0,0,0,0
0,0,0,0,0
0,0,0,0,0
0,0,0,0,0
0.265501777172148,0.148029595413841,0.0208846396210811,0.134604124290521,0.108629498241457
