"ALT","NEU","EFH","GEW","AND"
2.36539893627659,7.67361923061382,0.232608465809509,149.53790415778,8.63402169121745
3.18136293628102,0,1.70197321109917,2.45518513890208,3.29115677984884
0.747817556048019,0.864007861746906,0.227694202447339,85.9124474186354,3.78770360961947
13.9042523351888,11.0484947824228,4.45783991770652,10.6140558055513,2.8121490079654
0,0,0,0,0
0,0,0,0,0
20.1988317637944,19.5861218747835,6.62011579706254,248.519592520869,18.5250310886512
