"ALT","NEU","EFH","GEW","AND"
0.0706790261049165,0.822715144508485,0.242499550730228,0.0752413421900267,0.327862979821742
0,0,0,0,0
0,0,0,0,0
0,0,0,0,0
0,0,0,0,0
0,0,0,0,0
0.0706790261049165,0.822715144508485,0.242499550730228,0.0752413421900267,0.327862979821742
