"ALT","NEU","EFH","GEW","AND"
0.00563526175958726,0.0921561541286534,0.000774977890035251,0.0863922107217236,0.0377971565679484
0.0267939809472111,0.471307298247175,0.466350656597205,0.0642485028112367,0.17065521187694
0.00139201869335014,0.0436196496682447,0.00026383724730289,0.0772268328203107,0.0295388724997662
0,0,0,0,0
0.0338212614001485,0.607083102044073,0.467389471734543,0.227867546353271,0.237991240944654
