"ALT","NEU","EFH","GEW","AND"
21.1672479457872,30.2893494084363,6.99346718822557,256.598905500553,105.338873587239
28.4690658497548,0,51.1705099194814,4.21296408420152,40.1535646292078
6.6919957493505,3.41041628853332,6.84571788143208,147.421084310741,46.2116550072476
13.4630863893602,236.816279176243,234.325731210783,32.2827408677681,85.7485708410562
0,0,0,0,0
0,0,0,0,0
69.7913959342528,270.516044873212,299.335426199922,440.515694763264,277.452664064751
