"ALT","NEU","EFH","GEW","AND"
0.62969105120993,42.648247038492,2.70090599973368,83.5890629385961,26.0589998605716
0.846908206858541,0,19.7622629135443,1.37240538616252,9.93329147579512
0.199075942649387,4.80196105951869,2.64384460537311,48.023549714245,11.4319573618123
4.41688284351808,77.6931626455264,76.8760796779618,10.5911141143143,28.1318399677706
0,0,0,0,0
0,0,0,0,0
6.09255804423594,125.143370743537,101.983093196613,143.576132153318,75.5560886659496
