"Diuron","Mecoprop","Zn"
0.108951052052249,1.39684961281618,1545.31123808692
