"Diuron","Mecoprop","Zn"
0.079942927286432,1.01521810596931,1278.5108101489
