"Diuron","Mecoprop","Zn"
0.097347802145922,1.24419701007743,1438.59106691171
