"Diuron","Mecoprop","Zn"
0.0683489401520423,0.596543175836435,1304.33524615382
