"Diuron","Mecoprop","Zn"
0.0615382365460298,0.562534174212108,1193.32073456044
