"Diuron","Mecoprop","Zn"
0.0440653116172789,0.460507169339128,860.277199780298
