"Diuron","Mecoprop","Zn"
0.103149427099085,1.3205233114468,1491.95115249931
