"Diuron","Mecoprop","Zn"
0.0756528414062691,0.630552177460762,1415.3497577472
